<?xml version="1.0"?>
<Runs Version="1" Minor="0">
	<Run Id="timerAdc_block_axi_timer_0_1_synth_1" LaunchDir="E:/ECE_421/Lab7/timerAdc/timerAdc.runs/timerAdc_block_axi_timer_0_1_synth_1" FlowId="Vivado_Synthesis" FromStepId="vivado" ToStepId="vivado"/>
	<Run Id="synth_1" LaunchDir="E:/ECE_421/Lab7/timerAdc/timerAdc.runs/synth_1" FlowId="Vivado_Synthesis" FromStepId="vivado" ToStepId="vivado">
		<Parent Id="timerAdc_block_axi_timer_0_1_synth_1"/>
	</Run>
	<Run Id="impl_1" LaunchDir="E:/ECE_421/Lab7/timerAdc/timerAdc.runs/impl_1" FlowId="Vivado_Implementation" FromStepId="init_design" ToStepId="write_bitstream">
		<Parent Id="synth_1"/>
		<Parent Id="timerAdc_block_axi_timer_0_1_synth_1"/>
	</Run>
</Runs>

