<?xml version="1.0" encoding="UTF-8"?>
<GenRun Id="impl_1" LaunchPart="xc7z020clg484-1" LaunchTime="1556937260">
  <File Type="PWROPT-DCP" Name="timerAdc_block_wrapper_pwropt.dcp"/>
  <File Type="ROUTE-PWR" Name="timerAdc_block_wrapper_power_routed.rpt"/>
  <File Type="PA-TCL" Name="timerAdc_block_wrapper.tcl"/>
  <File Type="ROUTE-PWR-SUM" Name="timerAdc_block_wrapper_power_summary_routed.pb"/>
  <File Type="REPORTS-TCL" Name="timerAdc_block_wrapper_reports.tcl"/>
  <File Type="BG-DRC" Name="timerAdc_block_wrapper.drc"/>
  <File Type="OPT-METHODOLOGY-DRC" Name="timerAdc_block_wrapper_methodology_drc_opted.rpt"/>
  <File Type="INIT-TIMING" Name="timerAdc_block_wrapper_timing_summary_init.rpt"/>
  <File Type="OPT-HWDEF" Name="timerAdc_block_wrapper.hwdef"/>
  <File Type="OPT-DCP" Name="timerAdc_block_wrapper_opt.dcp"/>
  <File Type="OPT-DRC" Name="timerAdc_block_wrapper_drc_opted.rpt"/>
  <File Type="OPT-TIMING" Name="timerAdc_block_wrapper_timing_summary_opted.rpt"/>
  <File Type="PWROPT-DRC" Name="timerAdc_block_wrapper_drc_pwropted.rpt"/>
  <File Type="PWROPT-TIMING" Name="timerAdc_block_wrapper_timing_summary_pwropted.rpt"/>
  <File Type="PLACE-DCP" Name="timerAdc_block_wrapper_placed.dcp"/>
  <File Type="PLACE-IO" Name="timerAdc_block_wrapper_io_placed.rpt"/>
  <File Type="PLACE-CLK" Name="timerAdc_block_wrapper_clock_utilization_placed.rpt"/>
  <File Type="PLACE-UTIL" Name="timerAdc_block_wrapper_utilization_placed.rpt"/>
  <File Type="PLACE-UTIL-PB" Name="timerAdc_block_wrapper_utilization_placed.pb"/>
  <File Type="PLACE-CTRL" Name="timerAdc_block_wrapper_control_sets_placed.rpt"/>
  <File Type="PLACE-SIMILARITY" Name="timerAdc_block_wrapper_incremental_reuse_placed.rpt"/>
  <File Type="PLACE-PRE-SIMILARITY" Name="timerAdc_block_wrapper_incremental_reuse_pre_placed.rpt"/>
  <File Type="PLACE-TIMING" Name="timerAdc_block_wrapper_timing_summary_placed.rpt"/>
  <File Type="POSTPLACE-PWROPT-DCP" Name="timerAdc_block_wrapper_postplace_pwropt.dcp"/>
  <File Type="POSTPLACE-PWROPT-TIMING" Name="timerAdc_block_wrapper_timing_summary_postplace_pwropted.rpt"/>
  <File Type="PHYSOPT-DCP" Name="timerAdc_block_wrapper_physopt.dcp"/>
  <File Type="PHYSOPT-DRC" Name="timerAdc_block_wrapper_drc_physopted.rpt"/>
  <File Type="BG-BIT" Name="timerAdc_block_wrapper.bit"/>
  <File Type="PHYSOPT-TIMING" Name="timerAdc_block_wrapper_timing_summary_physopted.rpt"/>
  <File Type="ROUTE-ERROR-DCP" Name="timerAdc_block_wrapper_routed_error.dcp"/>
  <File Type="ROUTE-DCP" Name="timerAdc_block_wrapper_routed.dcp"/>
  <File Type="ROUTE-BLACKBOX-DCP" Name="timerAdc_block_wrapper_routed_bb.dcp"/>
  <File Type="ROUTE-DRC" Name="timerAdc_block_wrapper_drc_routed.rpt"/>
  <File Type="ROUTE-DRC-PB" Name="timerAdc_block_wrapper_drc_routed.pb"/>
  <File Type="BITSTR-MSK" Name="timerAdc_block_wrapper.msk"/>
  <File Type="ROUTE-DRC-RPX" Name="timerAdc_block_wrapper_drc_routed.rpx"/>
  <File Type="BG-BGN" Name="timerAdc_block_wrapper.bgn"/>
  <File Type="ROUTE-METHODOLOGY-DRC" Name="timerAdc_block_wrapper_methodology_drc_routed.rpt"/>
  <File Type="BITSTR-RBT" Name="timerAdc_block_wrapper.rbt"/>
  <File Type="ROUTE-METHODOLOGY-DRC-RPX" Name="timerAdc_block_wrapper_methodology_drc_routed.rpx"/>
  <File Type="BG-BIN" Name="timerAdc_block_wrapper.bin"/>
  <File Type="ROUTE-METHODOLOGY-DRC-PB" Name="timerAdc_block_wrapper_methodology_drc_routed.pb"/>
  <File Type="ROUTE-PWR-RPX" Name="timerAdc_block_wrapper_power_routed.rpx"/>
  <File Type="ROUTE-STATUS" Name="timerAdc_block_wrapper_route_status.rpt"/>
  <File Type="ROUTE-STATUS-PB" Name="timerAdc_block_wrapper_route_status.pb"/>
  <File Type="ROUTE-TIMINGSUMMARY" Name="timerAdc_block_wrapper_timing_summary_routed.rpt"/>
  <File Type="ROUTE-TIMING-PB" Name="timerAdc_block_wrapper_timing_summary_routed.pb"/>
  <File Type="ROUTE-TIMING-RPX" Name="timerAdc_block_wrapper_timing_summary_routed.rpx"/>
  <File Type="ROUTE-SIMILARITY" Name="timerAdc_block_wrapper_incremental_reuse_routed.rpt"/>
  <File Type="RDI-RDI" Name="timerAdc_block_wrapper.vdi"/>
  <File Type="ROUTE-CLK" Name="timerAdc_block_wrapper_clock_utilization_routed.rpt"/>
  <File Type="POSTROUTE-PHYSOPT-DCP" Name="timerAdc_block_wrapper_postroute_physopt.dcp"/>
  <File Type="POSTROUTE-PHYSOPT-BLACKBOX-DCP" Name="timerAdc_block_wrapper_postroute_physopt_bb.dcp"/>
  <File Type="POSTROUTE-PHYSOPT-TIMING" Name="timerAdc_block_wrapper_timing_summary_postroute_physopted.rpt"/>
  <File Type="POSTROUTE-PHYSOPT-TIMING-PB" Name="timerAdc_block_wrapper_timing_summary_postroute_physopted.pb"/>
  <File Type="POSTROUTE-PHYSOPT-TIMING-RPX" Name="timerAdc_block_wrapper_timing_summary_postroute_physopted.rpx"/>
  <File Type="BITSTR-NKY" Name="timerAdc_block_wrapper.nky"/>
  <File Type="BITSTR-BMM" Name="timerAdc_block_wrapper_bd.bmm"/>
  <File Type="BITSTR-MMI" Name="timerAdc_block_wrapper.mmi"/>
  <File Type="BITSTR-LTX" Name="debug_nets.ltx"/>
  <File Type="BITSTR-LTX" Name="timerAdc_block_wrapper.ltx"/>
  <File Type="BITSTR-SYSDEF" Name="timerAdc_block_wrapper.sysdef"/>
  <File Type="WBT-USG" Name="usage_statistics_webtalk.html"/>
  <FileSet Name="sources" Type="DesignSrcs" RelSrcDir="$PSRCDIR/sources_1">
    <Filter Type="Srcs"/>
    <File Path="$PSRCDIR/sources_1/bd/timerAdc_block/timerAdc_block.bd">
      <FileInfo>
        <Attr Name="UsedIn" Val="synthesis"/>
        <Attr Name="UsedIn" Val="implementation"/>
        <Attr Name="UsedIn" Val="simulation"/>
      </FileInfo>
    </File>
    <File Path="$PSRCDIR/sources_1/bd/timerAdc_block/hdl/timerAdc_block_wrapper.v">
      <FileInfo>
        <Attr Name="UsedIn" Val="synthesis"/>
        <Attr Name="UsedIn" Val="implementation"/>
        <Attr Name="UsedIn" Val="simulation"/>
      </FileInfo>
    </File>
    <Config>
      <Option Name="DesignMode" Val="RTL"/>
      <Option Name="TopModule" Val="timerAdc_block_wrapper"/>
      <Option Name="TopAutoSet" Val="TRUE"/>
    </Config>
  </FileSet>
  <FileSet Name="constrs_in" Type="Constrs" RelSrcDir="$PSRCDIR/constrs_1">
    <Filter Type="Constrs"/>
    <File Path="$PSRCDIR/constrs_1/new/lab7contratint.xdc">
      <FileInfo>
        <Attr Name="UsedIn" Val="synthesis"/>
        <Attr Name="UsedIn" Val="implementation"/>
      </FileInfo>
    </File>
    <Config>
      <Option Name="TargetConstrsFile" Val="$PSRCDIR/constrs_1/new/lab7contratint.xdc"/>
      <Option Name="ConstrsType" Val="XDC"/>
    </Config>
  </FileSet>
  <Strategy Version="1" Minor="2">
    <StratHandle Name="Vivado Implementation Defaults" Flow="Vivado Implementation 2018"/>
    <Step Id="init_design"/>
    <Step Id="opt_design"/>
    <Step Id="power_opt_design"/>
    <Step Id="place_design"/>
    <Step Id="post_place_power_opt_design"/>
    <Step Id="phys_opt_design"/>
    <Step Id="route_design"/>
    <Step Id="post_route_phys_opt_design"/>
    <Step Id="write_bitstream"/>
  </Strategy>
  <BlockFileSet Type="BlockSrcs" Name="timerAdc_block_processing_system7_0_1"/>
  <BlockFileSet Type="BlockSrcs" Name="timerAdc_block_xadc_wiz_0_1"/>
  <BlockFileSet Type="BlockSrcs" Name="timerAdc_block_DAC_0_1"/>
  <BlockFileSet Type="BlockSrcs" Name="timerAdc_block_xbar_1"/>
</GenRun>
