<?xml version="1.0" encoding="UTF-8"?>
<GenRun Id="synth_1" LaunchPart="xc7z020clg484-1" LaunchTime="1556937260">
  <File Type="PA-TCL" Name="timerAdc_block_wrapper.tcl"/>
  <File Type="RDS-PROPCONSTRS" Name="timerAdc_block_wrapper_drc_synth.rpt"/>
  <File Type="REPORTS-TCL" Name="timerAdc_block_wrapper_reports.tcl"/>
  <File Type="RDS-RDS" Name="timerAdc_block_wrapper.vds"/>
  <File Type="RDS-UTIL" Name="timerAdc_block_wrapper_utilization_synth.rpt"/>
  <File Type="RDS-UTIL-PB" Name="timerAdc_block_wrapper_utilization_synth.pb"/>
  <File Type="RDS-DCP" Name="timerAdc_block_wrapper.dcp"/>
  <File Type="VDS-TIMINGSUMMARY" Name="timerAdc_block_wrapper_timing_summary_synth.rpt"/>
  <File Type="VDS-TIMING-PB" Name="timerAdc_block_wrapper_timing_summary_synth.pb"/>
  <FileSet Name="sources" Type="DesignSrcs" RelSrcDir="$PSRCDIR/sources_1">
    <Filter Type="Srcs"/>
    <File Path="$PSRCDIR/sources_1/bd/timerAdc_block/timerAdc_block.bd">
      <FileInfo>
        <Attr Name="UsedIn" Val="synthesis"/>
        <Attr Name="UsedIn" Val="implementation"/>
        <Attr Name="UsedIn" Val="simulation"/>
      </FileInfo>
    </File>
    <File Path="$PSRCDIR/sources_1/bd/timerAdc_block/hdl/timerAdc_block_wrapper.v">
      <FileInfo>
        <Attr Name="UsedIn" Val="synthesis"/>
        <Attr Name="UsedIn" Val="implementation"/>
        <Attr Name="UsedIn" Val="simulation"/>
      </FileInfo>
    </File>
    <Config>
      <Option Name="DesignMode" Val="RTL"/>
      <Option Name="TopModule" Val="timerAdc_block_wrapper"/>
      <Option Name="TopAutoSet" Val="TRUE"/>
    </Config>
  </FileSet>
  <FileSet Name="constrs_in" Type="Constrs" RelSrcDir="$PSRCDIR/constrs_1">
    <Filter Type="Constrs"/>
    <File Path="$PSRCDIR/constrs_1/new/lab7contratint.xdc">
      <FileInfo>
        <Attr Name="UsedIn" Val="synthesis"/>
        <Attr Name="UsedIn" Val="implementation"/>
      </FileInfo>
    </File>
    <Config>
      <Option Name="TargetConstrsFile" Val="$PSRCDIR/constrs_1/new/lab7contratint.xdc"/>
      <Option Name="ConstrsType" Val="XDC"/>
    </Config>
  </FileSet>
  <Strategy Version="1" Minor="2">
    <StratHandle Name="Vivado Synthesis Defaults" Flow="Vivado Synthesis 2018"/>
    <Step Id="synth_design"/>
  </Strategy>
  <BlockFileSet Type="BlockSrcs" Name="timerAdc_block_processing_system7_0_1"/>
  <BlockFileSet Type="BlockSrcs" Name="timerAdc_block_xadc_wiz_0_1"/>
  <BlockFileSet Type="BlockSrcs" Name="timerAdc_block_DAC_0_1"/>
  <BlockFileSet Type="BlockSrcs" Name="timerAdc_block_xbar_1"/>
</GenRun>
